Episode,Score,Total_Reward,Pieces_Placed,Epsilon
0,0,-312.6,22,0.998
0,0,-351.6,21,0.996
0,0,-499.3,25,0.998
1,0,-402.8,27,0.996
2,0,-432.6,26,0.994
3,0,-313.8,23,0.992
4,0,-590.4,19,0.99
5,0,-405.0,21,0.988
6,0,-211.1,20,0.986
7,0,-343.6,22,0.984
8,0,-439.6,26,0.982
9,0,-408.3,26,0.98
10,0,-437.3,23,0.978
11,0,-231.7,24,0.976
12,0,-299.5,15,0.974
13,0,-439.8,25,0.972
14,0,-460.1,22,0.97
15,0,-435.9,25,0.968
16,0,-440.4,31,0.967
17,0,-272.5,22,0.965
18,0,-369.7,22,0.963
19,0,-176.6,19,0.961
20,0,-196.0,18,0.959
21,0,-425.7,21,0.957
22,0,-318.0,21,0.955
23,0,-305.4,20,0.953
24,0,-327.2,27,0.951
25,0,-336.8,18,0.949
26,0,-232.8,20,0.947
27,0,-333.0,22,0.945
28,0,-250.8,19,0.944
29,0,-444.0,26,0.942
30,0,-494.0,23,0.94
31,0,-302.7,19,0.938
32,0,-422.4,28,0.936
33,0,-656.5,26,0.934
34,0,-297.7,25,0.932
35,0,-434.8,26,0.93
36,0,-517.8,29,0.929
37,0,-433.2,24,0.927
38,0,-239.0,23,0.925
39,0,-250.3,19,0.923
40,0,-384.7,21,0.921
41,0,-751.4,33,0.919
42,0,-554.7,24,0.918
43,0,-195.6,13,0.916
44,0,-299.7,25,0.914
45,0,-466.2,27,0.912
46,0,-194.4,20,0.91
47,0,-451.9,27,0.908
48,0,-272.1,22,0.907
49,0,-371.3,25,0.905
50,0,-205.9,22,0.903
51,0,-366.0,27,0.901
52,0,-467.3,28,0.899
53,0,-425.4,28,0.898
54,0,-553.1,27,0.896
55,0,-206.3,22,0.894
56,0,-209.8,17,0.892
57,0,-412.7,27,0.89
58,0,-587.2,28,0.889
59,0,-281.4,23,0.887
60,0,-283.8,21,0.885
61,0,-379.1,25,0.883
62,0,-570.3,30,0.882
63,0,-374.7,26,0.88
64,0,-432.4,27,0.878
65,0,-194.0,23,0.876
66,0,-378.7,27,0.874
67,0,-412.9,23,0.873
68,0,-459.7,30,0.871
69,0,-92.4,16,0.869
70,0,-257.4,23,0.867
71,0,-701.7,25,0.866
72,0,-146.6,18,0.864
73,0,-445.9,25,0.862
74,0,-305.2,21,0.861
75,0,-458.4,33,0.859
76,0,-336.9,18,0.857
77,0,-434.4,26,0.855
78,0,-533.9,33,0.854
79,0,-520.5,27,0.852
80,0,-218.4,20,0.85
81,0,-443.9,23,0.849
82,100,-603.0,32,0.847
83,100,-430.1,32,0.845
84,0,-397.2,22,0.844
85,0,-416.8,29,0.842
86,0,-351.5,23,0.84
87,0,-495.2,31,0.838
88,0,-185.4,12,0.837
89,0,-274.3,23,0.835
90,0,-390.2,18,0.833
91,0,-314.2,27,0.832
92,0,-456.0,25,0.83
93,0,-233.8,24,0.828
94,0,-260.5,20,0.827
95,0,-541.2,31,0.825
96,0,-353.1,24,0.823
97,0,-340.0,21,0.822
98,0,-444.1,26,0.82
99,0,-294.1,21,0.819
100,0,-180.0,16,0.817
101,0,-435.3,33,0.815
102,0,-347.3,28,0.814
103,0,-222.8,21,0.812
104,200,-471.8,38,0.81
105,0,-517.9,26,0.809
106,0,-344.6,30,0.807
107,0,-190.2,24,0.806
108,0,-277.2,30,0.804
109,0,-564.7,33,0.802
110,0,-471.3,30,0.801
111,0,-344.5,29,0.799
112,0,-465.3,26,0.798
113,0,-582.7,23,0.796
114,0,-530.4,32,0.794
115,0,-397.2,19,0.793
116,0,-300.8,27,0.791
117,0,-388.9,32,0.79
118,0,-437.8,26,0.788
119,0,-274.7,23,0.786
120,0,-556.0,28,0.785
121,0,-410.3,33,0.783
122,0,-574.5,28,0.782
123,0,-379.4,29,0.78
124,0,-396.6,30,0.779
125,0,-194.1,24,0.777
126,0,-611.7,27,0.775
127,0,-207.0,19,0.774
128,0,-191.8,15,0.772
129,0,-126.3,16,0.771
130,0,-347.8,22,0.769
131,0,-271.7,21,0.768
132,0,-567.8,30,0.766
133,0,-143.0,22,0.765
134,0,-285.7,20,0.763
135,0,-341.4,23,0.762
136,0,-106.1,14,0.76
137,0,-568.5,28,0.759
138,0,-292.1,21,0.757
139,0,-573.0,29,0.756
140,0,-401.9,27,0.754
141,0,-483.6,32,0.753
142,0,-278.2,22,0.751
143,0,-181.4,21,0.75
144,0,-378.3,25,0.748
145,100,-355.2,31,0.747
146,0,-303.3,22,0.745
147,0,-492.0,35,0.744
148,0,-247.0,28,0.742
149,0,-440.6,28,0.741
150,0,-283.5,22,0.739
151,0,-280.6,29,0.738
152,0,-434.7,27,0.736
153,0,-200.7,25,0.735
154,0,-866.3,29,0.733
155,0,-278.0,27,0.732
156,0,-307.9,27,0.73
157,0,-101.7,19,0.729
158,0,-391.5,20,0.727
159,0,-526.6,29,0.726
160,0,-220.3,23,0.724
161,0,-406.2,32,0.723
162,0,-436.0,26,0.722
163,0,-393.5,27,0.72
164,0,-338.2,26,0.719
165,200,-403.5,43,0.717
166,0,-366.2,28,0.716
167,0,-248.1,25,0.714
168,0,-280.7,32,0.713
169,0,-489.7,29,0.712
170,0,-240.6,25,0.71
171,0,-381.9,31,0.709
172,0,-259.3,22,0.707
173,0,-175.4,23,0.706
174,0,-170.5,25,0.704
175,100,-490.8,31,0.703
176,0,-512.5,33,0.702
177,0,-325.1,30,0.7
178,0,-551.7,25,0.699
179,0,-158.4,34,0.697
180,0,-338.8,28,0.696
181,0,-315.1,29,0.695
182,0,-367.1,26,0.693
183,100,-297.2,35,0.692
184,100,-289.1,32,0.69
185,0,-452.1,25,0.689
186,200,-605.1,49,0.688
187,0,-363.5,29,0.686
188,0,-568.1,34,0.685
189,100,-243.5,31,0.684
190,0,-322.4,22,0.682
191,0,-785.5,27,0.681
192,0,-367.6,25,0.68
193,0,-686.5,30,0.678
194,0,-302.5,30,0.677
195,0,-566.1,33,0.675
196,0,-500.2,28,0.674
197,0,-355.1,28,0.673
198,100,-521.0,36,0.671
199,0,-567.5,33,0.67
200,0,-265.4,22,0.669
201,0,-337.4,30,0.667
202,0,-389.3,32,0.666
203,0,-566.7,29,0.665
204,0,-278.7,28,0.663
205,0,-575.8,34,0.662
206,0,-493.2,32,0.661
207,0,-386.5,31,0.659
208,0,-574.4,32,0.658
209,0,-582.9,34,0.657
210,0,-327.8,27,0.655
211,0,-326.5,25,0.654
212,0,-353.6,31,0.653
213,100,-331.4,32,0.652
214,0,-571.3,31,0.65
215,0,-488.2,27,0.649
216,100,-320.1,42,0.648
217,0,-233.2,22,0.646
218,0,-334.8,28,0.645
219,0,-543.6,28,0.644
220,0,-189.6,30,0.642
221,0,-440.9,38,0.641
222,200,-184.4,29,0.64
223,0,-343.2,37,0.639
224,0,-166.1,24,0.637
225,0,-440.7,26,0.636
226,0,-433.1,24,0.635
227,0,-208.9,26,0.634
228,300,-188.4,36,0.632
229,0,-376.5,27,0.631
230,0,-364.5,28,0.63
231,0,-297.2,33,0.628
232,0,-194.7,20,0.627
233,0,-454.5,35,0.626
234,0,-295.7,21,0.625
235,0,-406.8,31,0.623
236,0,-217.9,36,0.622
237,100,-449.0,35,0.621
238,0,-308.1,21,0.62
239,0,-248.6,24,0.618
240,0,-440.6,29,0.617
241,100,-338.9,30,0.616
242,0,-451.8,33,0.615
243,0,-125.1,22,0.614
244,0,-407.4,34,0.612
245,0,-223.8,23,0.611
246,0,-233.0,32,0.61
247,200,-313.4,41,0.609
248,0,-239.4,24,0.607
249,0,-258.8,14,0.606
250,0,-379.1,32,0.605
251,200,-665.2,41,0.604
252,100,-308.9,41,0.603
253,0,-312.4,41,0.601
254,0,-303.4,33,0.6
255,0,-385.2,38,0.599
256,200,-305.7,37,0.598
257,0,-246.3,18,0.597
258,0,-428.7,36,0.595
259,0,-522.9,35,0.594
260,0,-223.9,28,0.593
261,0,-318.8,33,0.592
262,0,-355.8,30,0.591
263,0,-191.0,28,0.589
264,0,-478.4,38,0.588
265,0,-209.4,26,0.587
266,100,-370.2,38,0.586
267,0,-260.3,23,0.585
268,300,-527.0,42,0.584
269,0,-324.6,26,0.582
270,0,-318.1,27,0.581
271,100,-324.2,28,0.58
272,100,-458.7,39,0.579
273,0,-146.9,14,0.578
274,0,-288.0,28,0.577
275,0,-431.3,32,0.575
276,200,-447.8,41,0.574
277,0,-525.5,29,0.573
278,100,-537.3,36,0.572
279,200,-313.2,43,0.571
280,0,-387.2,32,0.57
281,100,-407.0,42,0.569
282,0,-146.0,16,0.567
283,200,-423.4,38,0.566
284,100,-367.9,38,0.565
285,0,-320.2,25,0.564
286,0,-522.3,26,0.563
287,0,-277.9,24,0.562
288,100,-317.6,36,0.561
289,0,-625.7,32,0.56
290,0,-99.2,17,0.558
291,100,-455.2,37,0.557
292,100,-324.4,29,0.556
293,100,-377.6,38,0.555
294,0,-168.1,31,0.554
295,0,-227.3,29,0.553
296,100,-298.3,37,0.552
297,0,-351.0,26,0.551
298,0,-362.8,25,0.55
299,400,-282.0,44,0.548
300,0,-389.4,21,0.547
301,0,-221.9,26,0.546
302,200,-196.1,36,0.545
303,0,-425.6,35,0.544
304,0,-267.9,38,0.543
305,0,-211.5,26,0.542
306,0,-547.7,28,0.541
307,100,-363.1,33,0.54
308,0,-676.9,34,0.539
309,200,-675.2,47,0.538
310,0,-407.4,34,0.537
311,0,-300.2,28,0.535
312,0,-256.8,28,0.534
313,100,-528.1,38,0.533
314,100,-370.4,37,0.532
315,0,-424.2,28,0.531
316,0,-352.4,33,0.53
317,0,-290.9,40,0.529
318,100,-233.4,36,0.528
319,0,-459.5,32,0.527
320,0,-312.2,32,0.526
321,0,-612.7,38,0.525
322,100,-676.4,42,0.524
323,0,-414.5,28,0.523
324,0,-253.7,21,0.522
325,300,-312.7,45,0.521
326,0,-299.4,29,0.52
327,0,-247.4,33,0.519
328,0,-538.2,42,0.518
329,0,-138.3,24,0.517
330,0,-298.4,20,0.515
331,0,-332.5,34,0.514
332,300,-243.8,46,0.513
333,0,-280.2,27,0.512
334,0,-559.3,33,0.511
335,0,-278.2,38,0.51
336,0,-344.1,30,0.509
337,0,-642.5,37,0.508
338,0,-184.8,34,0.507
339,0,-374.3,25,0.506
340,0,-419.9,38,0.505
341,0,-282.0,32,0.504
342,300,-290.8,42,0.503
343,100,-454.8,49,0.502
344,200,-162.7,30,0.501
345,100,-357.1,35,0.5
346,0,-462.0,38,0.499
347,300,-480.8,50,0.498
348,200,-321.9,48,0.497
349,0,-194.1,29,0.496
350,0,-251.3,36,0.495
351,300,-123.5,30,0.494
352,0,-190.3,30,0.493
353,200,-154.6,31,0.492
354,100,-538.8,37,0.491
355,0,-528.7,35,0.49
356,0,-438.4,32,0.489
357,0,-258.7,35,0.488
358,200,-273.0,50,0.487
359,0,-193.8,23,0.486
360,0,-456.3,41,0.485
361,100,-221.7,35,0.484
362,0,-250.9,33,0.483
363,100,-449.2,45,0.483
364,0,-190.9,31,0.482
365,0,-316.8,32,0.481
366,500,-320.3,52,0.48
367,0,-437.9,36,0.479
368,0,-392.6,30,0.478
369,100,-231.5,31,0.477
370,0,-436.5,33,0.476
371,0,-616.5,41,0.475
372,200,-451.2,41,0.474
373,200,-144.0,28,0.473
374,0,-646.2,26,0.472
375,100,-178.0,38,0.471
376,0,-251.8,27,0.47
377,0,-304.7,39,0.469
378,0,-322.0,32,0.468
379,0,-375.6,40,0.467
380,0,-442.8,35,0.466
381,0,-491.0,30,0.465
382,0,-486.4,39,0.465
383,0,-347.9,31,0.464
384,0,-333.0,33,0.463
385,100,-206.6,41,0.462
386,0,-205.8,28,0.461
387,0,-306.1,33,0.46
388,0,-316.9,35,0.459
389,0,-217.0,33,0.458
390,0,-292.3,32,0.457
391,200,-343.9,48,0.456
392,100,-362.9,38,0.455
393,100,-340.7,42,0.454
394,400,-325.1,54,0.453
395,200,-221.8,38,0.453
396,200,-413.1,51,0.452
397,0,-324.9,33,0.451
398,200,-544.1,46,0.45
399,200,-350.0,38,0.449
400,300,-531.2,54,0.448
401,0,-257.9,31,0.447
402,100,-159.1,41,0.446
403,100,-702.6,40,0.445
404,200,-293.1,49,0.444
405,0,-397.5,35,0.444
406,0,-365.1,34,0.443
407,400,-679.9,53,0.442
408,0,-322.9,32,0.441
409,0,-204.7,34,0.44
410,100,-376.1,46,0.439
411,300,-321.3,50,0.438
412,100,-406.7,45,0.437
413,0,-424.5,38,0.437
414,0,-308.4,31,0.436
415,100,-270.6,34,0.435
416,300,-235.0,47,0.434
417,0,-291.4,29,0.433
418,200,-397.7,40,0.432
419,100,-144.4,18,0.431
420,400,-143.2,43,0.43
421,0,-387.1,41,0.43
422,0,-206.8,33,0.429
423,0,-484.6,41,0.428
424,100,-394.4,48,0.427
425,200,-349.5,37,0.426
426,0,-224.2,32,0.425
427,700,-192.0,59,0.424
428,0,-194.3,34,0.424
429,100,-516.4,41,0.423
430,200,-122.6,33,0.422
431,100,-151.9,29,0.421
432,200,-227.9,37,0.42
433,0,-231.6,45,0.419
434,0,-255.1,28,0.419
435,100,-377.9,35,0.418
436,0,-141.8,28,0.417
437,300,-114.4,35,0.416
438,0,-182.7,20,0.415
439,0,-493.2,33,0.414
440,200,-564.5,49,0.414
441,100,-300.0,39,0.413
442,0,-240.4,36,0.412
443,0,-484.6,45,0.411
444,0,-189.0,33,0.41
445,0,-192.6,29,0.409
446,100,-202.7,38,0.409
447,0,-368.5,40,0.408
448,0,-396.8,33,0.407
449,0,-401.0,46,0.406
450,100,-153.3,31,0.405
451,600,-267.0,56,0.405
452,0,-168.8,31,0.404
453,100,-199.0,35,0.403
454,100,-412.3,41,0.402
455,100,-326.8,38,0.401
456,0,-104.4,22,0.401
457,200,-269.8,38,0.4
458,200,-252.7,37,0.399
459,0,-409.5,40,0.398
460,600,-333.1,64,0.397
461,0,-288.6,41,0.397
462,0,-121.2,31,0.396
463,100,-366.5,46,0.395
464,0,-250.6,36,0.394
465,100,-192.5,44,0.393
466,100,-281.5,44,0.393
467,200,-392.4,41,0.392
468,0,-267.7,28,0.391
469,100,-351.8,51,0.39
470,300,-383.9,43,0.389
471,100,-397.6,42,0.389
472,100,-293.9,44,0.388
473,0,-404.8,39,0.387
474,500,-161.1,44,0.386
475,0,-303.5,43,0.386
476,0,-205.5,35,0.385
477,300,-378.6,47,0.384
478,100,-238.3,40,0.383
479,100,-342.8,36,0.383
480,300,-258.8,45,0.382
481,0,-350.0,36,0.381
482,0,-177.3,40,0.38
483,0,-413.8,37,0.379
484,0,-427.0,44,0.379
485,400,-262.0,47,0.378
486,100,-188.0,42,0.377
487,100,-238.4,35,0.376
488,600,3.7,43,0.376
489,0,-205.6,21,0.375
490,100,-296.1,37,0.374
491,0,-255.6,39,0.373
492,0,-291.1,42,0.373
493,300,-419.7,50,0.372
494,100,-469.8,47,0.371
495,100,-287.3,39,0.37
496,100,-222.4,43,0.37
497,100,-230.5,36,0.369
498,300,-353.7,49,0.368
499,300,-316.0,50,0.368
500,700,-120.4,60,0.367
501,0,-575.4,36,0.366
502,0,-317.2,42,0.365
503,500,-172.4,49,0.365
504,200,-323.1,49,0.364
505,0,-332.0,44,0.363
506,200,-269.5,45,0.362
507,100,-282.4,32,0.362
508,900,-263.2,74,0.361
509,500,-251.2,50,0.36
510,100,-247.8,34,0.36
511,100,-457.3,40,0.359
512,0,-317.0,34,0.358
513,0,-238.1,27,0.357
514,0,-217.8,26,0.357
515,0,-271.2,38,0.356
516,600,-362.7,63,0.355
517,600,-85.9,51,0.355
518,0,-115.5,17,0.354
519,300,-243.0,46,0.353
520,0,-258.7,39,0.352
521,0,-140.5,37,0.352
522,100,-519.2,36,0.351
523,300,-368.1,50,0.35
524,300,-298.2,46,0.35
525,300,-274.7,50,0.349
526,200,-341.8,47,0.348
527,500,-187.5,46,0.347
528,800,-160.4,58,0.347
529,200,-228.1,33,0.346
530,400,-255.9,52,0.345
531,300,-309.7,51,0.345
532,0,-208.6,33,0.344
533,300,-413.9,46,0.343
534,0,-342.3,44,0.343
535,500,-286.1,48,0.342
536,0,-449.8,38,0.341
537,100,-260.4,42,0.341
538,700,-275.1,48,0.34
539,0,-376.3,38,0.339
540,100,-315.6,35,0.339
541,400,-501.8,58,0.338
542,900,-360.8,73,0.337
543,400,-245.0,50,0.337
544,100,-339.1,39,0.336
545,0,-287.2,42,0.335
546,0,-213.6,32,0.335
547,500,-392.5,56,0.334
548,0,-335.5,30,0.333
549,500,-120.1,51,0.333
550,200,-516.1,37,0.332
551,300,-274.1,48,0.331
552,100,-322.9,42,0.331
553,200,-528.1,48,0.33
554,0,-190.4,36,0.329
555,300,-331.5,52,0.329
556,100,-237.4,41,0.328
557,300,-383.8,44,0.327
558,0,-199.9,41,0.327
559,0,-263.0,34,0.326
560,200,-171.7,35,0.325
561,900,72.7,59,0.325
562,400,-271.3,57,0.324
563,0,-128.0,35,0.323
564,200,-354.9,43,0.323
565,100,-386.5,37,0.322
566,200,-224.7,38,0.321
567,300,-307.6,48,0.321
568,400,-206.9,51,0.32
569,100,-397.0,37,0.319
570,500,-117.0,39,0.319
571,0,-240.6,37,0.318
572,100,-330.7,37,0.318
573,0,-207.1,36,0.317
574,0,-409.6,29,0.316
575,300,-168.9,39,0.316
576,1000,-338.0,80,0.315
577,300,-230.7,46,0.314
578,500,-437.5,53,0.314
579,200,-309.5,36,0.313
580,100,-423.6,50,0.312
581,200,-171.9,40,0.312
582,0,-269.8,35,0.311
583,500,-184.4,56,0.311
584,300,-137.6,46,0.31
585,400,-110.8,45,0.309
586,0,-318.4,34,0.309
587,100,-243.6,34,0.308
588,300,-506.2,47,0.308
589,500,-79.4,47,0.307
590,0,-298.2,35,0.306
591,0,-261.0,31,0.306
592,600,-165.0,58,0.305
593,0,-353.9,42,0.304
594,300,-210.7,50,0.304
595,1200,-20.8,70,0.303
596,500,-324.8,60,0.303
597,0,-284.9,39,0.302
598,500,-444.8,64,0.301
599,400,-254.2,50,0.301
600,100,-475.3,45,0.3
601,200,-214.4,49,0.3
602,400,-96.1,52,0.299
603,400,-182.4,41,0.298
604,1200,-579.7,84,0.298
605,0,-420.0,41,0.297
606,100,-146.4,26,0.297
607,0,-206.8,42,0.296
608,800,64.0,57,0.295
609,200,-121.8,39,0.295
610,0,-181.9,40,0.294
611,400,-171.6,49,0.294
612,400,-498.9,52,0.293
613,200,-129.9,34,0.293
614,0,-218.3,35,0.292
615,0,-244.8,41,0.291
616,400,-196.5,48,0.291
617,600,-583.1,67,0.29
618,100,-178.1,36,0.29
619,100,-235.5,43,0.289
620,200,-175.1,42,0.288
621,100,-310.3,45,0.288
622,200,-186.0,36,0.287
623,0,-429.3,43,0.287
624,100,-193.6,31,0.286
625,100,-400.3,43,0.286
626,0,-373.9,32,0.285
627,600,-275.8,52,0.284
628,100,-255.2,37,0.284
629,300,-305.0,53,0.283
630,0,-216.7,42,0.283
631,200,-146.3,45,0.282
632,200,-287.5,40,0.282
633,100,-296.7,42,0.281
634,100,-310.8,44,0.28
635,100,-318.1,35,0.28
636,200,-243.9,49,0.279
637,300,-501.9,59,0.279
638,300,-251.0,48,0.278
639,500,-224.3,58,0.278
640,200,-262.8,51,0.277
641,400,-256.2,57,0.277
642,100,-154.1,27,0.276
643,0,-181.2,30,0.275
644,300,-263.1,53,0.275
645,0,-315.2,41,0.274
646,0,-359.4,43,0.274
647,1200,64.6,70,0.273
648,100,-312.2,42,0.273
649,400,-238.9,52,0.272
650,0,-287.2,34,0.272
651,0,-196.5,36,0.271
652,100,-339.7,46,0.271
653,400,-187.7,46,0.27
654,500,-278.3,56,0.269
655,200,-377.4,44,0.269
656,400,-434.7,53,0.268
657,400,-400.5,58,0.268
658,400,-147.9,53,0.267
659,500,-111.1,47,0.267
660,1800,-576.1,99,0.266
661,500,-449.0,56,0.266
662,1200,-276.5,75,0.265
663,400,-134.2,38,0.265
664,100,-221.1,46,0.264
665,1900,-64.5,97,0.264
666,100,-237.3,32,0.263
667,500,-115.5,50,0.263
668,400,-392.6,51,0.262
669,400,-223.9,57,0.261
670,100,-141.3,27,0.261
671,200,-167.3,49,0.26
672,0,-227.9,41,0.26
673,1200,-45.5,82,0.259
674,300,-250.2,53,0.259
675,600,-480.9,61,0.258
676,100,-352.3,39,0.258
677,0,-352.9,46,0.257
678,200,-297.7,47,0.257
679,0,-381.1,43,0.256
680,0,-213.5,42,0.256
681,900,-316.5,67,0.255
682,300,-123.4,46,0.255
683,900,-401.8,75,0.254
684,200,-133.6,45,0.254
685,0,-532.1,45,0.253
686,300,-210.3,48,0.253
687,200,-251.5,42,0.252
688,0,-162.9,41,0.252
689,0,-380.7,43,0.251
690,400,-382.5,60,0.251
691,500,-214.1,55,0.25
692,400,-288.0,62,0.25
693,400,-84.3,52,0.249
694,400,-155.8,48,0.249
695,700,-160.7,65,0.248
696,1000,-57.6,69,0.248
697,600,-132.6,65,0.247
698,0,-198.8,29,0.247
699,500,-120.9,54,0.246
700,200,-145.6,37,0.246
701,900,-103.5,68,0.245
702,300,-137.5,43,0.245
703,500,-161.3,60,0.244
704,500,-51.3,56,0.244
705,400,-309.5,50,0.243
706,100,-157.0,41,0.243
707,100,-275.4,31,0.242
708,0,-196.4,39,0.242
709,0,-291.6,39,0.241
710,200,-192.7,44,0.241
711,200,-379.0,47,0.24
712,1000,-312.1,73,0.24
713,300,-186.8,59,0.239
714,200,-290.4,49,0.239
715,600,-450.2,63,0.238
716,0,-190.8,39,0.238
717,500,-317.0,60,0.238
718,200,-230.0,36,0.237
719,1300,-30.2,75,0.237
720,0,-465.2,34,0.236
721,0,-125.3,42,0.236
722,300,-387.6,55,0.235
723,200,-162.7,42,0.235
724,300,-500.7,49,0.234
725,700,-143.6,56,0.234
726,300,-282.8,56,0.233
727,300,-314.3,46,0.233
728,300,-372.6,52,0.232
729,0,-144.4,23,0.232
730,200,-197.2,36,0.231
731,0,-336.0,43,0.231
732,700,-335.4,60,0.231
733,200,-235.3,56,0.23
734,100,-144.9,44,0.23
735,700,-318.7,57,0.229
736,300,-333.3,51,0.229
737,400,-206.9,49,0.228
738,200,-173.5,47,0.228
739,700,-272.9,66,0.227
740,0,-298.8,38,0.227
741,200,-238.9,47,0.226
742,500,-386.3,57,0.226
743,200,-127.1,40,0.225
744,100,-437.2,51,0.225
745,300,-295.4,56,0.225
746,700,-34.4,58,0.224
747,1300,-343.2,83,0.224
748,100,-304.0,51,0.223
749,500,-119.9,48,0.223
750,600,-64.6,57,0.222
751,700,-101.5,59,0.222
752,1000,12.0,66,0.221
753,900,-127.9,61,0.221
754,900,-21.1,63,0.221
755,300,-342.8,45,0.22
756,100,-33.8,30,0.22
757,1200,34.8,74,0.219
758,600,-276.8,69,0.219
759,800,-56.9,60,0.218
760,600,-124.1,57,0.218
761,700,-328.3,69,0.218
762,700,-320.2,54,0.217
763,700,-120.5,63,0.217
764,400,-266.5,56,0.216
765,0,-185.5,45,0.216
766,300,-378.5,54,0.215
767,1200,-266.5,87,0.215
768,1100,120.1,60,0.214
769,100,-203.4,41,0.214
770,500,-119.9,56,0.214
771,200,-307.4,47,0.213
772,900,-212.2,67,0.213
773,100,-180.1,41,0.212
774,800,-224.2,69,0.212
775,300,-321.6,57,0.211
776,900,-156.7,71,0.211
777,1100,-399.9,80,0.211
778,700,-114.7,65,0.21
779,100,-102.3,36,0.21
780,600,-136.6,59,0.209
781,600,-359.9,68,0.209
782,1100,-31.0,57,0.209
783,800,-279.9,68,0.208
784,1100,-60.8,72,0.208
785,200,-109.1,42,0.207
786,400,-126.1,47,0.207
787,900,-119.9,59,0.206
788,400,-332.7,54,0.206
789,900,-246.5,64,0.206
790,3000,203.2,124,0.205
791,100,-266.2,44,0.205
792,700,-200.0,67,0.204
793,200,-217.0,46,0.204
794,700,-38.7,62,0.204
795,300,-254.1,47,0.203
796,1100,-180.8,76,0.203
797,700,-165.0,65,0.202
798,500,-239.2,62,0.202
799,700,-408.6,70,0.202
800,600,-303.3,66,0.201
801,1200,-160.1,71,0.201
802,1100,-21.0,67,0.2
803,1000,-10.9,65,0.2
804,600,-174.1,62,0.2
805,400,-77.3,46,0.199
806,1400,-199.8,90,0.199
807,800,-200.0,68,0.198
808,1100,-253.2,75,0.198
809,900,-73.6,65,0.198
810,200,-90.4,40,0.197
811,900,-74.8,66,0.197
812,900,6.9,66,0.196
813,600,0.7,55,0.196
814,1100,-218.1,76,0.196
815,0,-330.8,47,0.195
816,100,-197.6,43,0.195
817,400,-347.9,51,0.194
818,1300,-279.7,83,0.194
819,1300,-307.8,82,0.194
820,1100,-204.7,78,0.193
821,700,-34.8,56,0.193
822,500,-73.4,50,0.193
823,100,-82.5,41,0.192
824,600,-98.3,56,0.192
825,900,-207.1,70,0.191
826,1000,-132.6,76,0.191
827,300,-101.6,52,0.191
828,1200,-6.4,74,0.19
829,1400,-529.0,88,0.19
830,1400,-110.4,85,0.189
831,1900,43.2,91,0.189
832,2000,479.0,86,0.189
833,200,-177.6,45,0.188
834,1700,-127.0,99,0.188
835,500,-317.9,64,0.188
836,0,-235.1,32,0.187
837,1800,-171.3,88,0.187
838,700,-318.3,69,0.186
839,700,-250.4,65,0.186
840,300,-64.0,42,0.186
841,2600,171.6,102,0.185
842,1300,-38.4,71,0.185
843,1500,3.1,83,0.185
844,600,-187.6,53,0.184
845,600,-256.5,69,0.184
846,200,-125.4,34,0.183
847,1700,-314.9,96,0.183
848,0,-184.5,25,0.183
849,1800,-335.6,90,0.182
850,600,-94.2,59,0.182
851,0,-254.8,37,0.182
852,700,-5.4,57,0.181
853,300,-37.6,40,0.181
854,300,-342.8,53,0.181
855,500,-109.5,49,0.18
856,1300,-172.4,78,0.18
857,100,-316.0,32,0.179
858,1500,261.9,73,0.179
859,300,-130.5,50,0.179
860,0,-359.8,38,0.178
861,500,-193.8,54,0.178
862,100,-75.4,40,0.178
863,300,-331.4,48,0.177
864,1800,-182.8,94,0.177
865,200,-8.6,31,0.177
866,600,-180.1,64,0.176
867,1100,13.8,71,0.176
868,200,-156.2,41,0.176
869,200,-313.7,53,0.175
870,100,-282.9,47,0.175
871,500,-339.0,56,0.175
872,400,-278.6,52,0.174
873,300,-274.7,56,0.174
874,800,-239.9,64,0.173
875,1400,-8.3,83,0.173
876,600,-36.4,56,0.173
877,900,-172.0,72,0.172
878,0,-97.2,36,0.172
879,800,31.5,56,0.172
880,800,-238.4,68,0.171
881,2400,-525.8,122,0.171
882,1100,-230.2,72,0.171
883,0,-328.4,31,0.17
884,1000,-171.4,78,0.17
885,3200,-9.2,135,0.17
886,1700,-260.5,94,0.169
887,200,-361.3,54,0.169
888,300,-231.1,56,0.169
889,1800,61.2,96,0.168
890,1500,-142.1,98,0.168
891,200,-346.3,53,0.168
892,300,-127.2,43,0.167
893,200,-404.3,50,0.167
894,900,185.4,54,0.167
895,3600,-142.2,136,0.166
896,0,-164.0,37,0.166
897,1300,-503.1,92,0.166
898,500,-205.8,59,0.165
899,500,-44.2,43,0.165
900,1500,210.8,80,0.165
901,900,128.9,54,0.164
902,1500,72.3,84,0.164
903,300,-91.2,53,0.164
904,400,-143.6,56,0.163
905,300,-277.1,55,0.163
906,1900,94.7,91,0.163
907,2300,158.7,102,0.162
908,1100,-113.6,81,0.162
909,1100,-14.5,67,0.162
910,4100,-152.1,167,0.161
911,0,-314.9,30,0.161
912,1100,-108.2,69,0.161
913,1300,-144.3,85,0.16
914,1900,-584.3,107,0.16
915,400,-73.4,52,0.16
916,0,-82.3,37,0.159
917,900,-252.1,72,0.159
918,400,-162.1,48,0.159
919,300,19.6,44,0.159
920,700,-328.3,66,0.158
921,1100,42.5,68,0.158
922,700,-288.7,71,0.158
923,1300,-244.2,79,0.157
924,1700,-91.9,99,0.157
925,1000,-271.1,78,0.157
926,200,-7.6,42,0.156
927,2900,296.9,124,0.156
928,1100,-396.3,78,0.156
929,1600,11.7,78,0.155
930,700,25.2,52,0.155
931,300,-340.7,55,0.155
932,1400,-268.3,85,0.154
933,1300,-356.6,81,0.154
934,400,51.1,44,0.154
935,1300,-383.2,79,0.154
936,800,-151.3,63,0.153
937,400,-195.0,60,0.153
938,200,-246.6,49,0.153
939,500,-501.2,61,0.152
940,1000,-140.6,74,0.152
941,2300,-81.4,106,0.152
942,500,24.2,52,0.151
943,500,-49.5,45,0.151
944,100,-127.1,40,0.151
945,400,41.2,36,0.15
946,3600,-62.3,141,0.15
947,1300,-52.6,80,0.15
948,4100,-2.7,176,0.15
949,200,-248.3,47,0.149
950,600,-85.7,57,0.149
951,300,-137.8,48,0.149
952,600,-265.3,59,0.148
953,1200,140.5,69,0.148
954,1100,-131.7,72,0.148
955,1100,-15.1,69,0.148
956,3400,434.9,135,0.147
957,400,-20.3,45,0.147
958,900,-106.1,70,0.147
959,800,-27.4,70,0.146
960,1400,-42.2,82,0.146
961,2500,422.1,103,0.146
962,700,17.0,49,0.145
963,2400,156.6,112,0.145
964,300,-129.1,54,0.145
965,600,-33.8,55,0.145
966,100,-172.2,42,0.144
967,2100,259.0,95,0.144
968,1700,-14.7,91,0.144
969,1400,-329.9,88,0.143
970,700,-28.9,64,0.143
971,1200,-27.2,73,0.143
972,1700,16.8,85,0.143
973,300,-291.6,58,0.142
974,600,-27.6,57,0.142
975,2400,-142.2,104,0.142
976,400,-129.9,55,0.141
977,200,-202.1,51,0.141
978,2200,462.6,90,0.141
979,100,-322.9,30,0.141
980,1800,133.5,92,0.14
981,900,-26.4,65,0.14
982,1200,48.8,77,0.14
983,700,-254.7,61,0.139
984,200,-123.4,49,0.139
985,100,-102.9,40,0.139
986,600,-63.3,62,0.139
987,1000,-195.0,73,0.138
988,1000,37.3,67,0.138
989,100,-194.0,48,0.138
990,1400,255.1,80,0.138
991,1300,-37.7,79,0.137
992,600,-149.0,61,0.137
993,2600,407.4,104,0.137
994,800,-291.1,68,0.136
995,1500,98.9,86,0.136
996,2000,525.3,77,0.136
997,1000,64.3,59,0.136
998,3200,104.0,137,0.135
999,300,-304.4,50,0.135
1000,1800,349.1,85,0.135
1001,1200,1.1,77,0.135
1002,1300,-414.9,89,0.134
1003,2900,649.3,105,0.134
1004,600,-256.7,60,0.134
1005,1900,-60.7,91,0.133
1006,500,-231.1,61,0.133
1007,300,-241.4,49,0.133
1008,3000,379.6,113,0.133
1009,2600,28.2,119,0.132
1010,200,-339.8,55,0.132
1011,1800,-510.7,101,0.132
1012,3400,186.6,140,0.132
1013,900,-67.1,62,0.131
1014,1700,-376.3,88,0.131
1015,1900,-119.3,98,0.131
1016,900,67.6,59,0.131
1017,3300,193.8,135,0.13
1018,3800,532.5,150,0.13
1019,1000,-127.2,76,0.13
1020,1100,-254.0,76,0.13
1021,700,212.5,52,0.129
1022,1400,-211.3,87,0.129
1023,600,-28.6,57,0.129
1024,3300,507.6,127,0.128
1025,2000,300.4,94,0.128
1026,1800,192.3,96,0.128
1027,1100,166.6,67,0.128
1028,1300,-154.9,81,0.127
1029,1300,-241.7,80,0.127
1030,300,-222.5,51,0.127
1031,1000,48.6,65,0.127
1032,3500,-398.0,151,0.126
1033,600,0.8,55,0.126
1034,100,-144.8,37,0.126
1035,1100,255.1,66,0.126
1036,1000,207.5,52,0.125
1037,1600,83.1,89,0.125
1038,3300,558.4,127,0.125
1039,2500,-179.3,110,0.125
1040,1600,-109.1,95,0.124
1041,900,55.8,65,0.124
1042,1800,-106.7,98,0.124
1043,1000,-78.8,67,0.124
1044,200,-116.5,41,0.123
1045,1000,-131.6,70,0.123
1046,1400,42.8,72,0.123
1047,400,-61.9,44,0.123
1048,2200,145.8,104,0.122
1049,800,-472.9,72,0.122
1050,1100,395.2,55,0.122
1051,0,-232.0,42,0.122
1052,300,-168.7,49,0.121
1053,3300,560.0,130,0.121
1054,1800,138.5,89,0.121
1055,4100,589.3,145,0.121
1056,200,-30.5,47,0.12
1057,0,-217.2,29,0.12
1058,100,-139.4,38,0.12
1059,1600,302.4,76,0.12
1060,1300,15.7,77,0.12
1061,800,53.3,63,0.119
1062,1200,-158.5,83,0.119
1063,2600,363.4,113,0.119
1064,0,-77.1,44,0.119
1065,800,-101.7,52,0.118
1066,300,59.6,38,0.118
1067,700,-92.5,60,0.118
1068,200,-100.3,34,0.118
1069,300,-152.7,51,0.117
1070,3300,-390.8,133,0.117
1071,2900,542.7,115,0.117
1072,800,-90.3,63,0.117
1073,1900,-494.6,105,0.116
1074,2600,378.9,105,0.116
1075,400,-38.7,45,0.116
1076,1900,327.0,88,0.116
1077,900,8.9,62,0.116
1078,700,2.4,58,0.115
1079,1400,9.5,87,0.115
1080,1500,88.1,88,0.115
1081,1100,104.2,64,0.115
1082,300,-288.6,52,0.114
1083,1400,66.2,76,0.114
1084,1700,84.1,87,0.114
1085,2600,452.9,90,0.114
1086,2600,-44.9,117,0.113
1087,900,175.8,58,0.113
1088,100,-172.7,47,0.113
1089,2700,523.0,112,0.113
1090,500,-202.5,56,0.113
1091,0,-105.6,33,0.112
1092,3500,335.6,136,0.112
1093,600,-52.3,60,0.112
1094,500,5.9,53,0.112
1095,800,-189.2,61,0.111
1096,2400,176.7,111,0.111
1097,500,-38.9,52,0.111
1098,6300,1719.7,189,0.111
1099,2000,-409.7,110,0.111
1100,1500,-225.9,93,0.11
1101,100,-278.3,45,0.11
1102,2100,80.4,101,0.11
1103,1800,95.0,95,0.11
1104,300,-53.7,40,0.109
1105,2900,8.3,124,0.109
1106,2000,-573.7,100,0.109
1107,2200,318.3,97,0.109
1108,4000,325.8,146,0.109
1109,500,-245.2,61,0.108
1110,1300,-377.5,86,0.108
1111,600,-43.7,50,0.108
1112,500,-89.9,46,0.108
1113,1400,133.3,74,0.108
1114,2700,543.0,116,0.107
1115,1400,1.7,84,0.107
1116,2200,72.6,106,0.107
1117,800,-83.7,64,0.107
1118,1400,15.0,83,0.106
1119,2000,255.2,103,0.106
1120,1000,58.8,62,0.106
1121,1600,381.9,75,0.106
1122,3600,357.6,138,0.106
1123,1600,137.3,82,0.105
1124,2100,266.3,101,0.105
1125,600,-204.0,59,0.105
1126,3500,450.0,133,0.105
1127,700,17.6,56,0.105
1128,700,-78.4,67,0.104
1129,1500,2.7,87,0.104
1130,500,-81.0,53,0.104
1131,400,-151.9,60,0.104
1132,200,-89.3,41,0.103
1133,1100,106.8,67,0.103
1134,700,-133.1,66,0.103
1135,1100,42.1,66,0.103
1136,5100,769.6,180,0.103
1137,2600,151.7,116,0.102
1138,700,-221.7,59,0.102
1139,2400,211.9,111,0.102
1140,500,-22.1,37,0.102
1141,2800,557.7,103,0.102
1142,4600,927.9,159,0.101
1143,1700,7.4,97,0.101
1144,2100,-102.8,113,0.101
1145,3700,449.1,147,0.101
1146,1700,222.8,78,0.101
1147,1700,225.5,89,0.1
1148,2600,496.0,111,0.1
1149,800,-2.2,61,0.1
1150,500,37.5,49,0.1
1151,2300,308.8,108,0.1
1152,3200,407.5,123,0.099
1153,1000,142.9,55,0.099
1154,1800,-150.4,97,0.099
1155,900,176.9,48,0.099
1156,0,-87.6,21,0.099
1157,500,-51.7,53,0.098
1158,200,-254.3,44,0.098
1159,200,-42.7,30,0.098
1160,800,-144.6,65,0.098
1161,400,-286.1,61,0.098
1162,3100,291.3,131,0.097
1163,4500,1297.7,146,0.097
1164,1100,285.0,59,0.097
1165,700,-85.7,63,0.097
1166,2400,420.7,113,0.097
1167,500,7.3,52,0.096
1168,900,13.0,67,0.096
1169,7000,1337.5,220,0.096
1170,400,-123.1,46,0.096
1171,4800,384.9,167,0.096
1172,3600,-112.6,145,0.096
1173,2900,340.5,128,0.095
1174,3900,508.3,149,0.095
1175,800,67.1,62,0.095
1176,2000,379.6,90,0.095
1177,2800,455.7,114,0.095
1178,100,-174.6,43,0.094
1179,800,208.7,49,0.094
1180,2800,653.7,112,0.094
1181,100,-31.1,33,0.094
1182,1300,145.4,73,0.094
1183,2500,610.8,101,0.093
1184,3000,366.6,127,0.093
1185,1400,189.9,74,0.093
1186,3100,309.1,128,0.093
1187,3700,580.3,133,0.093
1188,1700,13.3,93,0.093
1189,2400,353.6,112,0.092
1190,5100,1138.4,173,0.092
1191,900,-49.6,70,0.092
1192,1900,304.5,95,0.092
1193,1000,-41.4,70,0.092
1194,5600,1348.5,180,0.091
1195,3200,115.3,138,0.091
1196,4700,720.5,164,0.091
1197,700,-139.8,69,0.091
1198,1200,160.2,65,0.091
1199,4000,877.7,144,0.091
1200,1800,182.6,85,0.09
1201,3400,259.8,142,0.09
1202,2600,468.5,101,0.09
1203,1300,228.6,74,0.09
1204,1300,40.4,84,0.09
1205,400,-224.2,56,0.089
1206,5000,-606.0,187,0.089
1207,3200,500.2,126,0.089
1208,1700,107.1,89,0.089
1209,4300,382.8,154,0.089
1210,0,-139.1,43,0.089
1211,1300,63.3,73,0.088
1212,2000,181.9,95,0.088
1213,1700,252.0,86,0.088
1214,2300,163.0,105,0.088
1215,700,-154.2,63,0.088
1216,900,-153.5,69,0.087
1217,2700,275.5,112,0.087
1218,1400,207.2,72,0.087
1219,3600,644.7,139,0.087
1220,900,-124.1,56,0.087
1221,1400,135.6,72,0.087
1222,1800,-83.0,103,0.086
1223,300,-403.4,51,0.086
1224,10200,1479.9,306,0.086
1225,2500,342.1,106,0.086
1226,1100,62.9,61,0.086
1227,1900,228.1,87,0.086
1228,1000,-75.7,76,0.085
1229,1000,-31.3,76,0.085
1230,3100,337.1,129,0.085
1231,300,-206.1,54,0.085
1232,1400,73.0,79,0.085
1233,2500,380.6,105,0.085
1234,500,-115.1,64,0.084
1235,2500,526.0,97,0.084
1236,2200,94.9,101,0.084
1237,6200,607.7,212,0.084
1238,0,1.4,27,0.084
1239,1000,101.0,57,0.084
1240,100,-81.4,33,0.083
1241,2000,186.2,104,0.083
1242,2200,415.0,97,0.083
1243,1600,268.4,85,0.083
1244,1800,180.5,88,0.083
1245,2000,147.8,89,0.083
1246,700,23.1,53,0.082
1247,2100,271.3,99,0.082
1248,1400,54.4,82,0.082
1249,700,-50.1,63,0.082
1250,1400,344.0,66,0.082
1251,7500,1712.6,226,0.082
1252,200,-111.0,44,0.081
1253,800,106.8,51,0.081
1254,3900,369.1,147,0.081
1255,8500,1942.2,250,0.081
1256,3300,625.8,119,0.081
1257,3200,462.8,116,0.081
1258,2800,341.3,124,0.08
1259,6300,1515.1,186,0.08
1260,1800,151.4,95,0.08
1261,3100,651.8,114,0.08
1262,4000,628.8,149,0.08
1263,600,-107.2,65,0.08
1264,2500,560.5,92,0.079
1265,600,-64.8,58,0.079
1266,500,47.8,51,0.079
1267,4400,826.6,155,0.079
1268,1500,-149.7,82,0.079
1269,1400,10.2,82,0.079
1270,1500,283.4,76,0.079
1271,400,11.9,45,0.078
1272,1800,103.3,86,0.078
1273,1100,342.6,56,0.078
1274,3300,260.3,125,0.078
1275,6400,1413.3,200,0.078
1276,1500,134.4,84,0.078
1277,700,-253.8,66,0.077
1278,3600,760.0,125,0.077
1279,1100,139.1,63,0.077
1280,1800,161.4,88,0.077
1281,100,-216.4,36,0.077
1282,1600,78.6,87,0.077
1283,1500,396.3,78,0.076
1284,5300,762.0,183,0.076
1285,6300,1067.8,213,0.076
1286,1000,-26.1,70,0.076
1287,1700,-357.3,98,0.076
1288,300,-61.7,48,0.076
1289,4600,260.5,166,0.076
1290,900,-75.3,71,0.075
1291,2900,107.4,124,0.075
1292,500,-55.8,50,0.075
1293,1300,180.3,61,0.075
1294,3900,-6.9,143,0.075
1295,2100,433.3,95,0.075
1296,0,-81.3,29,0.075
1297,600,-260.4,59,0.074
1298,300,-243.0,47,0.074
1299,6900,1391.2,226,0.074
1300,4300,840.3,160,0.074
1301,200,-20.8,35,0.074
1302,3500,752.6,129,0.074
1303,3200,649.2,117,0.073
1304,3300,659.1,120,0.073
1305,2300,318.1,105,0.073
1306,3500,592.3,142,0.073
1307,2700,591.1,112,0.073
1308,3400,-51.2,138,0.073
1309,3500,746.2,130,0.073
1310,3400,790.6,132,0.072
1311,2400,481.2,106,0.072
1312,5300,501.8,193,0.072
1313,5600,1202.1,186,0.072
1314,600,37.7,51,0.072
1315,1600,366.5,83,0.072
1316,2800,503.1,111,0.072
1317,9300,1277.4,292,0.071
1318,1700,143.8,93,0.071
1319,6900,1289.6,228,0.071
1320,9000,2143.2,273,0.071
1321,4600,901.4,162,0.071
1322,2900,476.9,109,0.071
1323,2700,-100.7,126,0.071
1324,11400,2432.7,322,0.07
1325,4400,1136.8,146,0.07
1326,1100,-102.2,68,0.07
1327,5000,615.1,176,0.07
1328,0,-177.0,22,0.07
1329,700,9.6,62,0.07
1330,2700,377.5,121,0.07
1331,600,-127.8,57,0.069
1332,3200,687.0,124,0.069
1333,7400,1675.0,226,0.069
1334,2900,418.3,110,0.069
1335,6600,1299.9,223,0.069
1336,900,-428.0,70,0.069
1337,500,4.7,45,0.069
1338,5300,1127.5,181,0.069
1339,100,-358.3,51,0.068
1340,2500,-243.7,114,0.068
1341,3500,142.4,140,0.068
1342,3900,1099.8,122,0.068
1343,5000,853.0,168,0.068
1344,1200,64.5,71,0.068
1345,2200,220.3,100,0.068
1346,7100,1487.7,231,0.067
1347,5900,1109.0,200,0.067
1348,2200,370.6,102,0.067
1349,3000,480.9,126,0.067
1350,4200,617.9,157,0.067
1351,3600,332.9,140,0.067
1352,10200,2100.2,315,0.067
1353,800,69.8,58,0.066
1354,2500,738.4,97,0.066
1355,600,-11.7,52,0.066
1356,800,38.9,59,0.066
1357,3700,850.3,119,0.066
1358,4200,163.9,174,0.066
1359,2900,368.3,124,0.066
1360,5100,-50.9,190,0.066
1361,5500,1121.2,182,0.065
1362,14100,558.9,431,0.065
1363,400,-48.5,53,0.065
1364,2800,54.3,117,0.065
1365,6000,978.8,203,0.065
1366,3300,669.2,118,0.065
1367,2400,159.0,109,0.065
1368,2000,-422.4,108,0.065
1369,9700,1843.5,305,0.064
1370,4800,599.0,168,0.064
1371,1900,265.4,87,0.064
1372,0,-268.4,38,0.064
1373,900,80.3,55,0.064
1374,5700,892.5,188,0.064
1375,3000,179.9,126,0.064
1376,700,-175.0,59,0.063
1377,4300,1108.0,147,0.063
1378,900,-63.0,62,0.063
1379,8800,1995.0,277,0.063
1380,2200,133.7,114,0.063
1381,200,-187.4,49,0.063
1382,600,153.4,53,0.063
1383,15300,2889.2,468,0.063
1384,100,-41.7,31,0.062
1385,2500,390.3,102,0.062
1386,6100,1238.1,194,0.062
1387,1000,51.7,66,0.062
1388,6000,1031.5,210,0.062
1389,11700,2078.5,364,0.062
1390,6600,1481.5,211,0.062
1391,12200,2858.6,345,0.062
1392,1400,99.9,80,0.061
1393,1100,107.2,53,0.061
1394,1800,387.5,76,0.061
1395,4800,563.8,189,0.061
1396,5100,760.8,177,0.061
1397,9900,2466.1,301,0.061
1398,1100,-16.9,73,0.061
1399,4100,1048.2,147,0.061
1400,2900,637.6,117,0.061
1401,6300,1253.0,206,0.06
1402,3600,1172.7,117,0.06
1403,6000,495.9,211,0.06
1404,5600,1570.9,162,0.06
1405,3400,212.3,143,0.06
1406,5400,1186.4,172,0.06
1407,11000,1765.2,330,0.06
1408,3500,410.7,142,0.06
1409,7100,1233.2,214,0.059
1410,100,-205.5,44,0.059
1411,7500,583.0,236,0.059
1412,6400,1319.6,214,0.059
1413,11800,2075.4,382,0.059
1414,1300,-17.3,79,0.059
1415,200,-58.3,39,0.059
1416,5400,371.6,192,0.059
1417,9700,1910.0,298,0.058
1418,4000,1029.9,142,0.058
1419,1500,23.6,85,0.058
1420,5300,989.8,174,0.058
1421,2800,532.4,117,0.058
1422,4100,703.2,148,0.058
1423,5500,729.6,183,0.058
1424,4600,2.1,177,0.058
1425,8300,715.2,253,0.058
1426,19900,3078.0,577,0.057
1427,3800,572.9,137,0.057
1428,8600,1078.1,289,0.057
1429,7300,1405.8,232,0.057
1430,7200,932.2,247,0.057
1431,5600,1202.1,186,0.057
1432,300,-6.9,39,0.057
1433,1400,148.9,78,0.057
1434,10900,2127.1,323,0.057
1435,10000,1682.1,308,0.056
1436,2700,-105.9,120,0.056
1437,4300,780.6,149,0.056
1438,11400,2482.8,334,0.056
1439,1700,32.7,85,0.056
1440,7600,1580.3,244,0.056
1441,3100,492.4,118,0.056
1442,4400,55.2,185,0.056
1443,8000,1220.0,263,0.056
1444,1800,439.7,88,0.055
1445,100,13.5,32,0.055
1446,2100,467.4,96,0.055
1447,2000,451.2,82,0.055
1448,2500,-179.1,119,0.055
1449,300,-78.1,41,0.055
1450,7900,1326.9,259,0.055
1451,300,-236.5,52,0.055
1452,200,-112.3,44,0.055
1453,2900,340.2,117,0.054
1454,3900,670.3,154,0.054
1455,15800,3136.0,457,0.054
1456,300,-100.3,46,0.054
1457,25000,5487.7,731,0.054
1458,4600,1131.1,147,0.054
1459,2300,181.7,100,0.054
1460,17800,2929.4,534,0.054
1461,2600,369.6,100,0.054
1462,3700,832.0,133,0.053
1463,6200,511.8,224,0.053
1464,9200,2179.1,273,0.053
1465,4600,961.9,157,0.053
1466,1600,98.8,81,0.053
1467,4600,731.8,163,0.053
1468,900,109.7,54,0.053
1469,5400,766.0,187,0.053
1470,12100,2238.8,363,0.053
1471,9600,1766.4,288,0.052
1472,4300,448.2,158,0.052
1473,1500,156.3,78,0.052
1474,10600,2137.5,307,0.052
1475,100,-5.3,35,0.052
1476,5600,879.2,197,0.052
1477,6200,1283.7,198,0.052
1478,11700,1740.8,363,0.052
1479,600,-16.0,46,0.052
1480,3300,565.8,125,0.052
1481,14200,3905.6,408,0.051
1482,5100,889.5,186,0.051
1483,6500,1914.8,196,0.051
1484,7600,1309.5,263,0.051
1485,5100,580.4,196,0.051
1486,5700,1441.6,176,0.051
1487,8400,1521.5,273,0.051
1488,4600,816.6,156,0.051
1489,8300,1243.5,273,0.051
1490,10000,2099.7,309,0.051
1491,14500,3078.0,410,0.05
1492,1900,379.8,76,0.05
1493,4800,518.8,178,0.05
1494,10000,1655.7,315,0.05
1495,3600,615.3,136,0.05
1496,6200,1589.8,184,0.05
1497,7300,1612.3,240,0.05
1498,7000,1156.2,227,0.05
1499,1700,-46.7,88,0.05
1500,800,28.7,57,0.05
1501,12800,2564.2,393,0.049
1502,15300,1974.2,479,0.049
1503,7800,1493.8,255,0.049
1504,5900,1219.2,201,0.049
1505,6100,1433.1,198,0.049
1506,4400,880.0,159,0.049
1507,11000,1514.8,345,0.049
1508,7200,857.4,251,0.049
1509,600,-3.6,44,0.049
1510,5500,784.1,192,0.049
1511,4200,848.7,146,0.048
1512,6400,1049.7,213,0.048
1513,10700,2135.5,348,0.048
1514,3000,78.8,128,0.048
1515,14300,3511.2,411,0.048
1516,1300,143.0,70,0.048
1517,700,69.6,61,0.048
1518,7400,1348.3,254,0.048
1519,2200,307.8,99,0.048
1520,11600,2207.7,354,0.048
1521,4900,818.9,187,0.047
1522,12500,2642.9,368,0.047
1523,10000,2222.8,303,0.047
1524,3100,444.6,128,0.047
1525,1700,257.1,85,0.047
1526,13100,3265.5,378,0.047
1527,3300,613.4,119,0.047
1528,4200,709.4,135,0.047
1529,12000,1920.2,364,0.047
1530,22400,5123.6,647,0.047
1531,4500,1032.9,159,0.047
1532,4000,486.2,157,0.046
1533,400,-65.8,48,0.046
1534,8700,1229.7,285,0.046
1535,15100,2724.9,452,0.046
1536,11100,1511.4,345,0.046
1537,19500,4087.2,560,0.046
1538,4800,1059.6,151,0.046
1539,8200,1740.2,258,0.046
1540,11800,2260.0,366,0.046
1541,3600,886.0,123,0.046
1542,300,15.4,32,0.046
1543,800,6.3,56,0.045
1544,14500,3376.9,413,0.045
1545,5100,1049.9,176,0.045
1546,5000,1192.6,164,0.045
1547,4300,351.8,173,0.045
1548,1700,27.0,85,0.045
1549,2000,218.5,101,0.045
1550,7100,226.5,248,0.045
1551,12200,2648.2,365,0.045
1552,300,-101.7,47,0.045
1553,1100,143.8,63,0.045
1554,2700,593.5,95,0.044
1555,2800,416.0,114,0.044
1556,1800,87.3,90,0.044
1557,20100,4067.6,579,0.044
1558,13400,2513.8,409,0.044
1559,15400,2971.4,441,0.044
1560,600,-50.9,52,0.044
1561,2700,113.9,128,0.044
1562,5700,1432.8,196,0.044
1563,2300,426.4,102,0.044
1564,5500,1480.3,164,0.044
1565,6100,1250.3,199,0.043
1566,900,132.5,54,0.043
1567,7100,1035.9,237,0.043
1568,10900,2447.7,320,0.043
1569,4700,1116.8,159,0.043
1570,9000,987.6,294,0.043
1571,6300,1262.5,197,0.043
1572,16800,3834.1,498,0.043
1573,2200,121.4,112,0.043
1574,15600,2265.0,479,0.043
1575,6400,1186.3,221,0.043
1576,2500,129.7,116,0.043
1577,5300,1237.2,179,0.042
1578,5300,1144.2,169,0.042
1579,26200,6436.4,736,0.042
1580,1800,226.1,92,0.042
1581,7300,1408.5,234,0.042
1582,3800,849.8,141,0.042
1583,8200,1668.7,270,0.042
1584,14700,3757.4,416,0.042
1585,3500,165.7,143,0.042
1586,3000,259.5,131,0.042
1587,13000,2260.1,370,0.042
1588,20200,4242.2,592,0.042
1589,18400,3182.1,535,0.041
1590,10700,2935.2,327,0.041
1591,4000,916.0,150,0.041
1592,21600,4092.7,622,0.041
1593,3100,657.3,127,0.041
1594,2700,90.4,122,0.041
1595,2400,-14.2,125,0.041
1596,2200,54.2,108,0.041
1597,2500,249.5,104,0.041
1598,1500,446.6,77,0.041
1599,2400,308.2,105,0.041
1600,1300,109.7,59,0.041
1601,12100,1562.6,374,0.04
1602,23100,4464.5,678,0.04
1603,20100,4435.7,579,0.04
1604,6500,1548.2,211,0.04
1605,900,-196.2,70,0.04
1606,3100,418.8,120,0.04
1607,10500,1961.1,334,0.04
1608,1500,237.6,73,0.04
1609,9500,1622.6,300,0.04
1610,33100,7852.0,903,0.04
1611,4100,640.1,150,0.04
1612,3600,792.9,133,0.04
1613,9900,1969.7,309,0.04
1614,5500,753.9,198,0.039
1615,7100,977.6,245,0.039
1616,4600,724.1,162,0.039
1617,4000,522.9,153,0.039
1618,9100,1684.4,295,0.039
1619,9700,2319.1,297,0.039
1620,8000,1556.2,260,0.039
1621,8800,1439.9,291,0.039
1622,16100,3708.1,477,0.039
1623,43300,9299.1,1228,0.039
1624,15600,3230.3,455,0.039
1625,7000,1664.7,219,0.039
1626,1500,-41.6,88,0.038
1627,50400,7506.3,1403,0.038
1628,1000,149.5,51,0.038
1629,20300,4125.8,559,0.038
1630,1800,34.2,88,0.038
1631,13300,2938.3,394,0.038
1632,22500,5466.1,637,0.038
1633,5700,1187.6,196,0.038
1634,17900,3632.5,532,0.038
1635,4100,834.7,146,0.038
1636,25200,6312.1,717,0.038
1637,10000,2643.1,288,0.038
1638,9400,1670.8,292,0.038
1639,19200,3499.2,537,0.038
1640,30800,6726.4,861,0.037
1641,5900,1468.9,190,0.037
1642,19700,4406.7,573,0.037
1643,4500,519.2,160,0.037
1644,4400,603.5,165,0.037
1645,55100,12768.4,1485,0.037
1646,3200,147.2,135,0.037
1647,5100,1271.3,179,0.037
1648,10500,2106.5,324,0.037
1649,34000,7911.7,920,0.037
1650,5800,839.6,204,0.037
1651,19000,3951.1,555,0.037
1652,3800,502.5,152,0.037
1653,36200,6981.0,1040,0.036
1654,5100,889.7,171,0.036
1655,800,130.0,48,0.036
1656,2200,408.9,94,0.036
1657,10800,2151.1,336,0.036
1658,18800,3567.6,564,0.036
1659,0,17.7,27,0.036
1660,38100,8737.5,1035,0.036
1661,33500,8820.4,892,0.036
1662,6400,802.9,215,0.036
1663,13200,2226.8,406,0.036
1664,2100,614.0,77,0.036
1665,2600,678.7,99,0.036
1666,3000,369.4,136,0.036
1667,6000,1240.9,189,0.035
1668,7100,1863.1,229,0.035
1669,13200,3222.5,386,0.035
1670,22500,4187.9,661,0.035
1671,15600,3099.3,460,0.035
1672,11800,2011.3,374,0.035
1673,7600,1571.1,229,0.035
1674,6700,1141.1,217,0.035
1675,19300,4079.6,577,0.035
1676,2900,460.0,119,0.035
1677,2400,-162.3,116,0.035
1678,19700,4287.6,556,0.035
1679,2600,494.2,85,0.035
1680,4500,1079.4,144,0.035
1681,7600,1379.7,253,0.034
1682,18000,3336.5,522,0.034
1683,19500,3700.9,579,0.034
1684,0,-23.8,19,0.034
1685,700,54.6,57,0.034
1686,15800,3381.8,464,0.034
1687,33400,6143.6,997,0.034
1688,7100,1005.9,254,0.034
1689,7700,1188.7,259,0.034
1690,13000,2797.6,367,0.034
1691,3600,312.4,142,0.034
1692,1000,98.2,59,0.034
1693,19200,3661.9,562,0.034
1694,5500,1058.2,190,0.034
1695,9400,1323.3,328,0.034
1696,7800,973.5,261,0.033
1697,22400,5746.2,616,0.033
1698,15400,2935.5,467,0.033
1699,6500,1178.7,214,0.033
1700,18500,5356.3,506,0.033
1701,5900,1151.9,201,0.033
1702,11600,2837.0,341,0.033
1703,7300,2224.7,205,0.033
1704,3300,677.8,114,0.033
1705,27200,5493.6,751,0.033
1706,27500,6414.5,780,0.033
1707,11200,2717.7,337,0.033
1708,37000,8766.8,1007,0.033
1709,75500,15512.2,2125,0.033
1710,5700,797.7,200,0.033
1711,15600,3505.2,452,0.032
1712,4100,530.5,152,0.032
1713,6500,1563.8,201,0.032
1714,25500,5108.5,725,0.032
1715,14900,3857.0,431,0.032
1716,8100,744.9,277,0.032
1717,17400,3350.2,525,0.032
1718,1100,366.3,53,0.032
1719,8500,1906.1,264,0.032
1720,6100,931.0,214,0.032
1721,9300,2048.6,287,0.032
1722,11500,2617.8,356,0.032
1723,10500,2445.9,314,0.032
1724,11400,1393.8,372,0.032
1725,27400,5544.1,816,0.032
1726,14000,3273.4,408,0.032
1727,12000,2456.5,349,0.031
1728,5300,1312.2,152,0.031
1729,29900,6731.5,835,0.031
1730,6500,1131.4,206,0.031
1731,7400,1680.9,235,0.031
1732,13000,2587.7,377,0.031
1733,26800,5876.4,722,0.031
1734,17400,4020.1,500,0.031
1735,28100,7318.4,756,0.031
1736,13600,3113.1,403,0.031
1737,29300,6161.7,836,0.031
1738,29000,7202.6,767,0.031
1739,400,-59.2,52,0.031
1740,1500,310.4,66,0.031
1741,12000,2343.4,359,0.031
1742,4500,1157.8,140,0.031
1743,37100,8179.9,1045,0.03
1744,24900,5730.3,696,0.03
1745,23700,5509.1,668,0.03
1746,12600,2217.3,389,0.03
1747,17400,4203.1,499,0.03
1748,2700,66.3,116,0.03
1749,16300,3305.1,499,0.03
1750,11100,2568.7,324,0.03
1751,1200,159.4,67,0.03
1752,3500,495.5,142,0.03
1753,4300,962.6,129,0.03
1754,34700,7945.9,973,0.03
1755,13500,3416.1,377,0.03
1756,9200,1533.9,287,0.03
1757,4700,1201.8,164,0.03
1758,4000,1122.4,130,0.03
1759,27800,7158.5,767,0.029
1760,10700,2432.6,315,0.029
1761,600,24.6,37,0.029
1762,1500,110.1,81,0.029
1763,1500,334.1,63,0.029
1764,9000,1911.4,285,0.029
1765,17400,4308.6,523,0.029
1766,5200,1040.5,172,0.029
1767,16400,4232.8,466,0.029
1768,35500,8316.1,970,0.029
1769,4200,997.2,149,0.029
1770,44000,11593.6,1193,0.029
1771,45500,11147.9,1224,0.029
1772,15000,3008.8,449,0.029
1773,9700,2327.5,291,0.029
1774,35900,7591.7,995,0.029
1775,1700,305.3,72,0.029
1776,20100,5157.0,553,0.029
1777,8800,2143.2,256,0.028
1778,8100,2129.6,235,0.028
1779,4500,867.0,167,0.028
1780,6100,1133.2,203,0.028
1781,5800,857.6,207,0.028
1782,48200,10787.3,1363,0.028
1783,700,2.9,60,0.028
1784,20000,4443.8,574,0.028
1785,9600,2307.3,284,0.028
1786,31500,7058.2,880,0.028
1787,23700,4983.4,681,0.028
1788,5200,914.9,179,0.028
1789,4500,951.6,161,0.028
1790,8400,1503.3,258,0.028
1791,10100,2908.3,289,0.028
1792,12900,2607.9,389,0.028
1793,19900,4598.6,557,0.028
1794,6200,1530.3,204,0.027
1795,16900,3357.9,475,0.027
1796,2800,715.2,98,0.027
1797,12300,2594.3,373,0.027
1798,6400,716.5,216,0.027
1799,11200,2454.9,347,0.027
1800,8200,1882.3,262,0.027
1801,24000,5022.9,669,0.027
1802,14900,3671.6,422,0.027
1803,1300,269.4,71,0.027
1804,16700,4676.6,460,0.027
1805,22500,5055.5,652,0.027
1806,19000,5295.9,512,0.027
1807,2500,573.4,91,0.027
1808,19800,5049.0,530,0.027
1809,9100,1906.8,279,0.027
1810,14200,3008.7,417,0.027
1811,95000,23044.3,2523,0.027
1812,19400,4693.1,569,0.027
1813,2500,564.8,106,0.026
1814,7900,1412.5,240,0.026
1815,18100,4572.2,509,0.026
1816,28100,7168.7,766,0.026
1817,52500,13797.7,1392,0.026
1818,2900,688.3,106,0.026
1819,33300,7779.0,896,0.026
1820,7700,1887.8,244,0.026
1821,7900,1712.3,244,0.026
1822,5000,1237.8,171,0.026
1823,4200,1157.2,124,0.026
1824,3200,800.2,101,0.026
1825,13500,3190.8,409,0.026
1826,22100,4791.2,637,0.026
1827,4700,1198.3,147,0.026
1828,11700,2970.8,333,0.026
1829,20600,5025.5,563,0.026
1830,0,-64.7,27,0.026
1831,12400,3256.9,357,0.026
1832,3600,601.0,126,0.025
1833,16500,4804.7,447,0.025
1834,3500,942.8,121,0.025
1835,3000,650.9,109,0.025
1836,18200,5055.8,507,0.025
1837,300,-86.3,42,0.025
1838,3700,626.4,135,0.025
1839,2500,638.1,96,0.025
1840,47000,12504.1,1254,0.025
1841,36600,8979.2,1013,0.025
1842,17500,4608.0,497,0.025
1843,3100,1002.8,110,0.025
1844,28500,6680.8,797,0.025
1845,10400,2514.4,303,0.025
1846,17500,4180.3,528,0.025
1847,7700,1716.4,239,0.025
1848,25800,5767.6,736,0.025
1849,9600,2421.7,276,0.025
1850,27200,6045.6,777,0.025
1851,16100,3680.7,474,0.025
1852,30200,7240.6,825,0.024
1853,6900,1937.4,205,0.024
1854,4800,1762.0,147,0.024
1855,26000,6301.6,747,0.024
1856,15200,4207.4,426,0.024
1857,45000,10905.4,1255,0.024
1858,24300,6040.8,690,0.024
1859,5000,881.9,179,0.024
1860,39700,9930.6,1090,0.024
1861,29600,7107.7,824,0.024
1862,51300,13258.5,1402,0.024
1863,6500,1444.9,214,0.024
1864,3100,972.8,114,0.024
1865,7200,1737.8,220,0.024
1866,38200,10009.0,1029,0.024
1867,2600,521.0,104,0.024
1868,7700,2072.0,231,0.024
1869,2800,833.5,95,0.024
1870,7700,1879.7,238,0.024
1871,10100,2700.2,296,0.024
1872,11800,3175.7,321,0.024
1873,300,-45.9,33,0.023
1874,4800,1263.8,146,0.023
1875,15900,3618.3,455,0.023
1876,2400,795.1,84,0.023
1877,25000,6150.1,693,0.023
1878,200,-30.1,34,0.023
1879,3600,555.6,132,0.023
1880,3200,1051.9,106,0.023
1881,59600,14844.8,1649,0.023
1882,1000,102.1,59,0.023
1883,28900,6250.2,828,0.023
1884,9300,2384.7,275,0.023
1885,47800,11843.1,1281,0.023
1886,23900,5767.2,663,0.023
1887,3100,744.7,110,0.023
1888,11600,3038.2,322,0.023
1889,73500,18423.1,1990,0.023
1890,20400,4216.1,602,0.023
1891,2500,731.9,93,0.023
1892,40300,9226.9,1138,0.023
1893,19000,4102.4,562,0.023
1894,6900,1148.6,228,0.023
1895,7300,1949.7,221,0.022
1896,56300,13907.9,1548,0.022
1897,100,-47.4,27,0.022
1898,5500,1034.5,186,0.022
1899,62900,14751.2,1729,0.022
1900,5600,1680.0,169,0.022
1901,2800,470.2,111,0.022
1902,8000,2161.4,215,0.022
1903,34800,9550.7,927,0.022
1904,4700,1474.1,146,0.022
1905,7100,1700.2,220,0.022
1906,5400,1663.4,156,0.022
1907,3300,668.9,123,0.022
1908,21200,5440.8,600,0.022
1909,5500,1479.5,160,0.022
1910,1900,426.6,77,0.022
1911,14600,3310.7,433,0.022
1912,31000,9073.0,806,0.022
1913,4100,1383.0,132,0.022
1914,5700,1444.9,176,0.022
1915,900,43.0,55,0.022
1916,600,185.7,42,0.022
1917,15700,4382.1,428,0.021
1918,34700,8794.8,959,0.021
1919,41200,11729.5,1100,0.021
1920,29200,8901.6,751,0.021
1921,12800,2922.3,381,0.021
1922,27100,7076.1,747,0.021
1923,32100,7928.9,887,0.021
1924,21200,5540.1,598,0.021
1925,2200,436.3,93,0.021
1926,27100,7252.7,727,0.021
1927,8000,1969.8,239,0.021
1928,2300,627.8,90,0.021
1929,21800,6261.4,600,0.021
1930,300,-8.2,35,0.021
1931,8600,2569.6,246,0.021
1932,16400,3966.3,464,0.021
1933,4800,857.1,162,0.021
1934,32100,7930.5,869,0.021
1935,21800,6247.4,584,0.021
1936,16000,4514.7,424,0.021
1937,41900,11241.7,1128,0.021
1938,5900,2100.4,164,0.021
1939,48600,13927.2,1253,0.021
1940,18900,4775.5,523,0.021
1941,11000,2564.4,336,0.02
1942,5800,1350.0,188,0.02
1943,12900,3621.6,354,0.02
1944,5500,1145.2,184,0.02
1945,10900,2901.5,312,0.02
1946,600,172.3,35,0.02
1947,6500,1846.6,187,0.02
1948,15800,3918.7,457,0.02
1949,9800,2845.5,278,0.02
1950,500,12.0,47,0.02
1951,38200,10167.3,1039,0.02
1952,29800,7370.3,832,0.02
1953,12300,3349.2,363,0.02
1954,0,-33.6,17,0.02
1955,28800,8166.1,772,0.02
1956,3800,781.5,139,0.02
1957,36700,8968.7,1014,0.02
1958,6900,2039.3,201,0.02
1959,21300,6001.9,573,0.02
1960,26600,6989.5,718,0.02
1961,16700,4133.4,490,0.02
1962,1200,306.7,60,0.02
1963,18400,4905.2,517,0.02
1964,10900,2588.7,322,0.02
1965,17500,4493.2,499,0.02
1966,3100,638.4,113,0.019
1967,31300,8151.4,840,0.019
1968,6800,1973.6,199,0.019
1969,38700,9599.6,1058,0.019
1970,30200,8849.6,773,0.019
1971,100,-57.8,32,0.019
1972,10400,2316.2,316,0.019
1973,9700,1897.9,308,0.019
1974,41800,10239.7,1147,0.019
1975,6200,1508.7,199,0.019
1976,8000,2125.0,235,0.019
1977,24200,6711.3,677,0.019
1978,28400,7903.7,765,0.019
1979,79400,21993.5,2085,0.019
1980,11500,3689.7,297,0.019
1981,46100,12617.2,1237,0.019
1982,2500,510.5,96,0.019
1983,16600,4577.6,464,0.019
1984,12400,3030.6,355,0.019
1985,9100,1983.8,283,0.019
1986,900,279.2,52,0.019
1987,12900,3075.8,370,0.019
1988,5000,1256.3,163,0.019
1989,1000,293.1,49,0.019
1990,26900,7434.9,717,0.019
1991,40500,10726.3,1084,0.019
1992,11700,3141.1,344,0.018
1993,6000,1718.7,179,0.018
1994,100,-42.2,24,0.018
1995,1200,209.0,65,0.018
1996,1400,295.1,62,0.018
1997,1200,206.2,65,0.018
1998,5100,1259.9,171,0.018
1999,11600,3106.9,338,0.018
2000,12700,3607.3,337,0.018
2001,12600,3826.9,331,0.018
2002,3800,972.8,128,0.018
2003,11100,3480.1,291,0.018
2004,20600,5824.3,551,0.018
2005,3200,930.6,111,0.018
2006,7100,1793.6,213,0.018
2007,4800,1031.4,148,0.018
2008,7700,2244.4,220,0.018
2009,9600,3445.5,256,0.018
2010,6600,1671.9,198,0.018
2011,12600,3518.4,339,0.018
2012,300,111.2,45,0.018
2013,13900,4188.4,375,0.018
2014,4400,1093.5,149,0.018
2015,3200,750.8,114,0.018
2016,600,137.0,44,0.018
2017,9200,2717.1,263,0.018
2018,15500,4625.5,434,0.018
2019,34600,9474.7,930,0.018
2020,11900,3187.5,338,0.017
2021,300,-37.9,37,0.017
2022,8500,2415.4,245,0.017
2023,33500,10150.6,873,0.017
2024,5400,1562.7,158,0.017
2025,9300,2462.8,252,0.017
2026,2300,565.3,95,0.017
2027,6100,1402.2,198,0.017
2028,13300,3322.5,384,0.017
2029,13700,3897.8,379,0.017
2030,2700,749.1,95,0.017
2031,6700,1713.7,209,0.017
2032,1400,568.6,52,0.017
2033,900,206.5,54,0.017
2034,1900,486.6,80,0.017
2035,9800,2054.2,301,0.017
2036,43400,13887.7,1101,0.017
2037,6200,1696.7,179,0.017
2038,3300,783.2,113,0.017
2039,30900,8585.9,833,0.017
2040,4100,1309.6,125,0.017
2041,7100,2081.0,201,0.017
2042,12800,4062.7,350,0.017
2043,25900,7649.4,681,0.017
2044,10100,2685.9,291,0.017
2045,7300,1964.8,207,0.017
2046,1500,367.9,70,0.017
2047,300,70.8,36,0.017
2048,12300,3273.4,340,0.017
2049,6400,2068.4,174,0.017
2050,6900,1654.9,212,0.016
2051,21300,5682.6,582,0.016
2052,12300,3531.1,332,0.016
2053,51800,15631.8,1283,0.016
2054,11800,3400.0,329,0.016
2055,13600,3617.7,383,0.016
2056,17900,5091.4,486,0.016
2057,5500,2061.1,150,0.016
2058,7700,2061.3,226,0.016
2059,14700,3639.6,420,0.016
2060,7400,1871.9,221,0.016
2061,1000,38.9,59,0.016
2062,4500,1138.5,149,0.016
2063,7700,2584.5,221,0.016
2064,36800,11557.9,946,0.016
2065,8000,2555.8,231,0.016
2066,42900,13404.1,1087,0.016
2067,45500,13106.8,1181,0.016
2068,6000,1405.9,190,0.016
2069,54000,16099.0,1373,0.016
2070,136300,43020.2,3404,0.016
2071,8300,2182.4,235,0.016
2072,22300,6871.0,571,0.016
2073,1700,389.1,74,0.016
2074,9600,2782.8,274,0.016
2075,43300,12568.1,1123,0.016
2076,2500,457.8,106,0.016
2077,3700,1133.4,117,0.016
2078,300,-106.8,40,0.016
2079,10800,3074.4,298,0.016
2080,11200,3481.6,303,0.016
2081,1800,392.1,76,0.015
2082,45600,13090.4,1178,0.015
2083,8900,2694.1,266,0.015
2084,9900,3275.2,269,0.015
2085,50700,14801.3,1296,0.015
2086,37100,9745.6,1008,0.015
2087,6300,1695.7,207,0.015
2088,4100,1599.1,128,0.015
2089,41000,12251.8,1064,0.015
2090,8100,2502.8,229,0.015
2091,7600,2086.0,234,0.015
2092,26400,8223.8,687,0.015
2093,2300,789.3,80,0.015
2094,52700,15833.3,1328,0.015
2095,6600,2259.0,188,0.015
2096,1500,376.8,71,0.015
2097,10300,2689.9,291,0.015
2098,2600,612.3,86,0.015
2099,17200,4954.3,465,0.015
2100,56800,15151.0,1503,0.015
2101,5100,1968.0,151,0.015
2102,600,107.8,40,0.015
2103,21700,6993.3,560,0.015
2104,42800,12434.5,1095,0.015
2105,4000,1157.4,131,0.015
2106,16100,5673.1,411,0.015
2107,22900,6035.8,620,0.015
2108,12700,3836.6,331,0.015
2109,600,21.0,52,0.015
2110,800,194.7,37,0.015
2111,2600,498.2,105,0.015
2112,5200,1336.1,160,0.015
2113,1400,364.6,63,0.015
2114,24400,7255.1,634,0.014
2115,18400,5673.4,492,0.014
2116,6100,1615.8,200,0.014
2117,3200,1053.6,99,0.014
2118,7100,2439.6,184,0.014
2119,9100,3004.5,253,0.014
2120,5700,1311.6,177,0.014
2121,10500,3333.4,278,0.014
2122,1600,348.9,60,0.014
2123,10900,3646.2,274,0.014
2124,2600,941.7,99,0.014
2125,13100,3749.2,355,0.014
2126,24200,7744.9,615,0.014
2127,1300,180.1,67,0.014
2128,24000,7918.1,605,0.014
2129,2000,537.8,78,0.014
2130,500,95.3,37,0.014
2131,600,236.1,45,0.014
2132,16300,4912.9,433,0.014
2133,36700,11636.8,930,0.014
2134,1200,342.4,65,0.014
2135,18700,5719.9,479,0.014
2136,7800,2247.7,213,0.014
2137,5300,1387.4,157,0.014
2138,52100,15773.9,1324,0.014
2139,18300,5870.1,474,0.014
2140,10800,3026.7,300,0.014
2141,5100,1643.0,153,0.014
2142,4400,1404.1,134,0.014
2143,6600,1985.3,188,0.014
2144,34700,11250.8,881,0.014
2145,200,-37.8,33,0.014
2146,7500,2128.5,221,0.014
2147,500,-12.6,49,0.014
2148,26500,8691.8,681,0.014
2149,9800,3022.9,272,0.014
2150,1900,457.7,79,0.013
2151,12400,4071.4,315,0.013
2152,58700,19327.8,1391,0.013
2153,17600,5526.6,444,0.013
2154,26200,8601.6,668,0.013
2155,12600,3905.3,342,0.013
2156,18800,6614.6,453,0.013
2157,1000,161.5,51,0.013
2158,101400,31843.2,2499,0.013
2159,19500,6575.1,503,0.013
2160,14200,4407.6,364,0.013
2161,19100,6009.4,493,0.013
2162,20100,6308.3,517,0.013
2163,10400,3521.0,280,0.013
2164,800,91.2,53,0.013
2165,6300,2271.1,180,0.013
2166,12000,3840.9,329,0.013
2167,33500,9696.9,871,0.013
2168,8900,2565.8,249,0.013
2169,4000,1345.5,124,0.013
2170,400,-53.2,36,0.013
2171,28600,9379.4,728,0.013
2172,4100,1603.4,120,0.013
2173,32900,9860.1,843,0.013
2174,23400,6794.2,609,0.013
2175,900,224.6,51,0.013
2176,13800,4308.0,363,0.013
2177,32800,10225.9,836,0.013
2178,3700,871.9,119,0.013
2179,4400,1445.0,132,0.013
2180,7100,2379.3,197,0.013
2181,16200,5108.5,426,0.013
2182,17900,5717.9,466,0.013
2183,2400,606.3,88,0.013
2184,6500,1956.3,182,0.013
2185,2500,733.1,87,0.013
2186,2900,914.9,105,0.013
2187,17100,4666.3,459,0.013
2188,2100,632.2,72,0.012
2189,2300,499.7,85,0.012
2190,76000,24160.2,1859,0.012
2191,26400,9183.8,662,0.012
2192,700,210.1,41,0.012
2193,10600,3380.7,282,0.012
2194,1600,305.0,76,0.012
2195,11300,3821.1,271,0.012
2196,200,-25.7,35,0.012
2197,10100,3251.9,280,0.012
2198,7200,2334.1,194,0.012
2199,11900,3146.0,329,0.012
2200,33700,10343.8,857,0.012
2201,6200,1961.4,166,0.012
2202,11000,3637.6,275,0.012
2203,30400,9980.9,756,0.012
2204,16900,5050.6,445,0.012
2205,1200,301.4,64,0.012
2206,3000,975.2,93,0.012
2207,4900,1564.5,147,0.012
2208,16300,5188.6,409,0.012
2209,300,38.3,37,0.012
2210,19200,6653.4,479,0.012
2211,10400,3501.7,280,0.012
2212,29400,9758.1,695,0.012
2213,13500,4558.9,356,0.012
2214,1500,407.0,58,0.012
2215,31700,10508.9,762,0.012
2216,2800,916.3,108,0.012
2217,27600,8411.9,716,0.012
2218,62200,20513.7,1509,0.012
2219,11100,3523.2,299,0.012
2220,48800,16571.0,1188,0.012
2221,1600,394.9,75,0.012
2222,14100,4859.6,353,0.012
2223,10300,3480.6,268,0.012
2224,1000,269.6,55,0.012
2225,17800,5913.2,454,0.012
2226,15400,4555.7,413,0.012
2227,7600,2511.7,200,0.012
2228,13100,4009.0,346,0.012
2229,7400,2784.7,189,0.012
2230,40400,13179.5,1002,0.011
2231,12800,3818.9,341,0.011
2232,5600,1545.9,165,0.011
2233,5200,1474.0,164,0.011
2234,3600,972.0,110,0.011
2235,36000,11780.6,876,0.011
2236,2900,971.1,99,0.011
2237,9500,2795.4,264,0.011
2238,27000,8958.7,682,0.011
2239,4700,1693.5,147,0.011
2240,33900,11555.6,832,0.011
2241,6700,2285.5,176,0.011
2242,23500,8338.6,577,0.011
2243,11800,3720.4,298,0.011
2244,6700,2044.0,192,0.011
2245,26600,9683.9,638,0.011
2246,22100,6846.8,558,0.011
2247,7200,2409.5,193,0.011
2248,7000,1497.0,218,0.011
2249,24900,8144.9,620,0.011
2250,44700,14792.4,1082,0.011
2251,1500,370.6,65,0.011
2252,0,-19.4,25,0.011
2253,14800,4786.6,376,0.011
2254,27200,9519.0,646,0.011
2255,3900,1214.5,125,0.011
2256,17500,6622.7,429,0.011
2257,15600,5864.1,386,0.011
2258,23700,7932.0,580,0.011
2259,12100,4098.3,305,0.011
2260,112600,39356.4,2640,0.011
2261,1600,447.1,67,0.011
2262,1900,372.4,79,0.011
2263,700,191.5,41,0.011
2264,9000,3193.0,241,0.011
2265,38300,13130.9,925,0.011
2266,2500,641.1,89,0.011
2267,16400,5599.7,402,0.011
2268,1400,210.0,72,0.011
2269,28800,10127.9,709,0.011
2270,34500,13054.8,825,0.011
2271,9000,2859.5,233,0.011
2272,1000,446.0,43,0.011
2273,22000,6854.7,551,0.011
2274,8100,2712.0,219,0.011
2275,10100,3361.1,265,0.01
2276,7000,2463.0,194,0.01
2277,200,-21.6,31,0.01
2278,56600,19174.9,1381,0.01
2279,28600,9205.1,714,0.01
2280,3800,1072.3,128,0.01
2281,9700,2774.3,266,0.01
2282,2900,691.8,107,0.01
2283,17200,5441.9,441,0.01
2284,53700,18220.9,1293,0.01
2285,10000,3178.7,268,0.01
2286,50500,17696.2,1221,0.01
2287,12600,3812.3,326,0.01
2288,56400,20097.2,1335,0.01
2289,21100,7068.7,521,0.01
2290,7600,2140.7,212,0.01
2291,7200,2332.1,203,0.01
2292,4600,1404.2,131,0.01
2293,52200,18050.9,1229,0.01
2294,27900,10205.6,656,0.01
2295,900,221.2,49,0.01
2296,7500,2584.1,209,0.01
2297,18100,5909.7,456,0.01
2298,25000,7403.3,625,0.01
2299,16600,5876.9,423,0.01
2300,41400,14456.4,985,0.01
2301,16000,5334.4,395,0.01
2302,20700,7306.4,473,0.01
2303,1300,233.6,69,0.01
2304,7400,2317.0,204,0.01
2305,4800,1778.2,156,0.01
2306,16900,6006.4,412,0.01
2307,19300,6777.2,472,0.01
